{
  "metadata": {
    "strategy_date": "2025-01-XX",
    "strategist": "Claude Opus 4",
    "input_validation": "passed",
    "optimization_level": "high",
    "budget_constraint": "$100/month",
    "research_input": "O3_research_results.json",
    "analysis_duration": "1-2 hours"
  },
  "optimal_combinations": {
    "combination_1": {
      "name": "Research-Centric Powerhouse",
      "monthly_cost": "$98",
      "annual_cost": "$1,176",
      "tools": [
        "claude_api_opus4",
        "claude_code_api", 
        "cursor_pro",
        "zapier_professional",
        "github_pro",
        "netlify_pro"
      ],
      "functionality_coverage": "95%",
      "automation_level": "90%",
      "roi_score": "9.5/10",
      "risk_score": "2/10",
      "primary_focus": "Research and development with maximum automation",
      "strengths": [
        "Best research capabilities with Claude API Opus 4",
        "Specialized code generation with Claude Code API",
        "Full IDE integration with Cursor Pro",
        "Comprehensive automation with Zapier",
        "Industry-standard version control with GitHub Pro",
        "Professional deployment with Netlify Pro"
      ],
      "limitations": [
        "Near budget limit ($98/$100)",
        "No Windsurf Pro (redundant with Cursor Pro)"
      ]
    },
    "combination_2": {
      "name": "Development-Focused Optimizer",
      "monthly_cost": "$95",
      "annual_cost": "$1,140",
      "tools": [
        "claude_api_opus4",
        "windsurf_pro",
        "zapier_professional",
        "github_pro",
        "netlify_pro"
      ],
      "functionality_coverage": "92%",
      "automation_level": "85%",
      "roi_score": "9.0/10",
      "risk_score": "3/10",
      "primary_focus": "Advanced development with modern AI IDE",
      "strengths": [
        "Advanced AI-powered development with Windsurf Pro",
        "API-driven research and automation with Claude API",
        "Comprehensive workflow automation",
        "Professional version control and deployment"
      ],
      "limitations": [
        "No specialized code API",
        "Windsurf Pro has steeper learning curve"
      ]
    },
    "combination_3": {
      "name": "Cost-Optimized Balanced",
      "monthly_cost": "$82",
      "annual_cost": "$984",
      "tools": [
        "claude_plus",
        "cursor_pro",
        "zapier_professional",
        "github_pro",
        "netlify_pro"
      ],
      "functionality_coverage": "88%",
      "automation_level": "80%",
      "roi_score": "8.5/10",
      "risk_score": "2/10",
      "primary_focus": "Balanced approach with cost savings",
      "strengths": [
        "Cost savings of $18/month",
        "User-friendly Claude Plus interface",
        "Excellent IDE integration",
        "Comprehensive automation and deployment"
      ],
      "limitations": [
        "No API access for automation",
        "Limited research automation capabilities"
      ]
    },
    "combination_4": {
      "name": "Automation-First Maximizer",
      "monthly_cost": "$99",
      "annual_cost": "$1,188",
      "tools": [
        "claude_api_opus4",
        "claude_code_api",
        "zapier_professional",
        "github_pro",
        "netlify_pro"
      ],
      "functionality_coverage": "90%",
      "automation_level": "95%",
      "roi_score": "9.2/10",
      "risk_score": "2/10",
      "primary_focus": "Maximum automation and API integration",
      "strengths": [
        "Maximum automation potential",
        "Full API integration capabilities",
        "Specialized tools for each function",
        "No IDE lock-in"
      ],
      "limitations": [
        "No integrated IDE experience",
        "Requires more technical setup"
      ]
    },
    "combination_5": {
      "name": "Budget-Conscious Starter",
      "monthly_cost": "$67",
      "annual_cost": "$804",
      "tools": [
        "claude_plus",
        "cursor_pro",
        "github_pro",
        "netlify_pro"
      ],
      "functionality_coverage": "75%",
      "automation_level": "60%",
      "roi_score": "7.5/10",
      "risk_score": "2/10",
      "primary_focus": "Essential tools with significant cost savings",
      "strengths": [
        "Significant cost savings ($33/month)",
        "Core development capabilities",
        "Professional deployment",
        "Easy to upgrade later"
      ],
      "limitations": [
        "Limited automation",
        "No specialized code API",
        "Manual workflow management"
      ]
    }
  },
  "implementation_roadmap": {
    "phase_1": {
      "name": "Foundation Setup",
      "duration": "Weeks 1-2",
      "cost": "$67",
      "tools": ["claude_plus", "cursor_pro", "github_pro", "netlify_pro"],
      "tasks": [
        "Set up Claude Plus account and familiarize with interface",
        "Install and configure Cursor Pro IDE",
        "Create GitHub Pro account and set up repositories",
        "Configure Netlify Pro for deployment",
        "Establish basic workflow patterns"
      ],
      "milestones": [
        "All core tools operational",
        "Basic workflow established",
        "First project deployed successfully"
      ],
      "success_metrics": [
        "All tools integrated and working",
        "Basic automation in place",
        "Cost tracking system active"
      ]
    },
    "phase_2": {
      "name": "Automation Enhancement",
      "duration": "Weeks 3-4",
      "cost": "$87",
      "tools": ["claude_plus", "cursor_pro", "zapier_professional", "github_pro", "netlify_pro"],
      "tasks": [
        "Add Zapier Professional for workflow automation",
        "Create automated deployment pipelines",
        "Set up GitHub Actions for CI/CD",
        "Implement automated testing workflows",
        "Configure monitoring and alerts"
      ],
      "milestones": [
        "Automated deployment pipeline active",
        "Basic monitoring in place",
        "Productivity gains measurable"
      ],
      "success_metrics": [
        "50% reduction in manual tasks",
        "Automated deployment working",
        "ROI tracking implemented"
      ]
    },
    "phase_3": {
      "name": "Advanced Optimization",
      "duration": "Months 2-3",
      "cost": "$98",
      "tools": ["claude_api_opus4", "claude_code_api", "cursor_pro", "zapier_professional", "github_pro", "netlify_pro"],
      "tasks": [
        "Upgrade to Claude API Opus 4 for advanced automation",
        "Add Claude Code API for specialized coding tasks",
        "Implement advanced Zapier workflows",
        "Optimize performance and cost efficiency",
        "Fine-tune automation chains"
      ],
      "milestones": [
        "Full automation suite operational",
        "Advanced AI capabilities integrated",
        "Maximum productivity achieved"
      ],
      "success_metrics": [
        "80% automation level achieved",
        "Significant productivity gains",
        "Cost per feature optimized"
      ]
    },
    "phase_4": {
      "name": "Scaling and Optimization",
      "duration": "Months 4+",
      "cost": "$98",
      "tools": ["claude_api_opus4", "claude_code_api", "cursor_pro", "zapier_professional", "github_pro", "netlify_pro"],
      "tasks": [
        "Monitor and optimize performance",
        "Scale automation workflows",
        "Implement advanced features",
        "Continuous improvement cycle",
        "Cost optimization and vendor management"
      ],
      "milestones": [
        "Sustained high performance",
        "Continuous optimization active",
        "Long-term ROI maximized"
      ],
      "success_metrics": [
        "Sustained 90%+ automation",
        "ROI targets exceeded",
        "Cost efficiency maintained"
      ]
    }
  },
  "workflow_optimization": {
    "automation_chains": [
      {
        "name": "Research to Code Pipeline",
        "description": "O3 research → Opus4 analysis → Cursor implementation → GitHub → Netlify",
        "tools": ["claude_api_opus4", "cursor_pro", "github_pro", "netlify_pro"],
        "automation_level": "95%"
      },
      {
        "name": "Code Generation Workflow",
        "description": "Claude Code API → Cursor Pro → GitHub Actions → Netlify deployment",
        "tools": ["claude_code_api", "cursor_pro", "github_pro", "netlify_pro"],
        "automation_level": "90%"
      },
      {
        "name": "Monitoring and Alerts",
        "description": "Performance monitoring → Zapier alerts → Slack/Email notifications",
        "tools": ["zapier_professional", "github_pro", "netlify_pro"],
        "automation_level": "85%"
      }
    ],
    "integration_points": [
      {
        "point": "O3 Research Results",
        "integration": "JSON export to Opus4 analysis",
        "automation": "Zapier webhook trigger"
      },
      {
        "point": "Opus4 Strategy",
        "integration": "Direct import to Cursor Pro",
        "automation": "API integration"
      },
      {
        "point": "Code Generation",
        "integration": "Claude Code API to Cursor Pro",
        "automation": "Real-time API calls"
      },
      {
        "point": "Deployment",
        "integration": "GitHub to Netlify",
        "automation": "GitHub Actions CI/CD"
      }
    ],
    "fallback_strategies": [
      {
        "scenario": "API rate limit exceeded",
        "fallback": "Switch to Claude Plus for manual research",
        "impact": "Minimal - temporary slowdown"
      },
      {
        "scenario": "Zapier service outage",
        "fallback": "Manual workflow execution",
        "impact": "Moderate - reduced automation"
      },
      {
        "scenario": "Netlify deployment failure",
        "fallback": "GitHub Pages or Vercel alternative",
        "impact": "Low - quick alternative deployment"
      }
    ]
  },
  "cost_analysis": {
    "monthly_breakdown": {
      "claude_api_opus4": "$15",
      "claude_code_api": "$3",
      "cursor_pro": "$20",
      "zapier_professional": "$20",
      "github_pro": "$4",
      "netlify_pro": "$19",
      "total": "$81"
    },
    "annual_savings": {
      "annual_subscriptions": "$120",
      "bulk_discounts": "$50",
      "total_savings": "$170"
    },
    "roi_projection": {
      "monthly_productivity_gain": "20 hours",
      "hourly_rate_equivalent": "$50",
      "monthly_value": "$1,000",
      "roi_timeline": "1.5 months",
      "annual_roi": "1,400%"
    }
  },
  "risk_mitigation": {
    "vendor_lock_in": {
      "risk_level": "medium",
      "mitigation": "Use open standards and APIs, maintain export capabilities",
      "backup_plan": "Alternative tools identified for each category"
    },
    "service_reliability": {
      "risk_level": "low",
      "mitigation": "Choose established vendors with high uptime",
      "backup_plan": "Free tier alternatives available"
    },
    "cost_escalation": {
      "risk_level": "medium",
      "mitigation": "Monitor usage, set up alerts, optimize workflows",
      "backup_plan": "Downgrade to lower tiers if needed"
    }
  },
  "recommendations": {
    "immediate_actions": [
      "Start with Phase 1 tools to establish foundation",
      "Set up cost monitoring and alerts",
      "Create backup accounts for critical services",
      "Document all workflows and integrations"
    ],
    "optimization_opportunities": [
      "Use annual subscriptions for 15-20% savings",
      "Monitor API usage to avoid overage costs",
      "Leverage free tiers for testing new features",
      "Implement usage-based optimization"
    ],
    "future_considerations": [
      "Evaluate team expansion options",
      "Consider enterprise features as needs grow",
      "Monitor new AI tools and features",
      "Plan for potential vendor changes"
    ]
  }
}