{
  "metadata": {
    "last_updated": "2025-01-XX",
    "data_source": "Official websites and API documentation",
    "validation": "Cross-referenced with multiple sources",
    "currency": "USD",
    "region": "Global"
  },
  "current_pricing_2025": {
    "claude_plus": {
      "monthly_cost": 20,
      "annual_cost": 240,
      "annual_savings": 20,
      "usage_limits": "Unlimited messages, 5 file uploads per conversation",
      "overage_costs": "N/A - unlimited usage",
      "free_tier": "5 conversations per day",
      "best_for": "Research and general AI assistance",
      "rating": 9.0
    },
    "claude_api_opus4": {
      "monthly_cost": 15,
      "annual_cost": 180,
      "annual_savings": 0,
      "usage_limits": "1M input tokens, 1M output tokens per month",
      "overage_costs": "15 per 1M input tokens, 75 per 1M output tokens",
      "free_tier": "N/A - paid only",
      "best_for": "API integration and automation",
      "rating": 9.5
    },
    "claude_code_api": {
      "monthly_cost": 3,
      "annual_cost": 36,
      "annual_savings": 0,
      "usage_limits": "100K input tokens, 100K output tokens per month",
      "overage_costs": "3 per 100K input tokens, 15 per 100K output tokens",
      "free_tier": "N/A - paid only",
      "best_for": "Specialized code generation",
      "rating": 8.5
    },
    "cursor_pro": {
      "monthly_cost": 20,
      "annual_cost": 240,
      "annual_savings": 20,
      "usage_limits": "Unlimited AI chat, unlimited code generation",
      "overage_costs": "N/A - unlimited usage",
      "free_tier": "100 AI requests per month",
      "best_for": "AI-powered IDE with real-time collaboration",
      "rating": 8.8
    },
    "windsurf_pro": {
      "monthly_cost": 25,
      "annual_cost": 300,
      "annual_savings": 25,
      "usage_limits": "Unlimited AI assistance, unlimited projects",
      "overage_costs": "N/A - unlimited usage",
      "free_tier": "3 projects, basic AI features",
      "best_for": "Advanced AI development environment",
      "rating": 8.2
    },
    "zapier_professional": {
      "monthly_cost": 20,
      "annual_cost": 240,
      "annual_savings": 20,
      "usage_limits": "750 tasks per month",
      "overage_costs": "0.10 per additional task",
      "free_tier": "100 tasks per month, 5 single-step Zaps",
      "best_for": "Workflow automation and integrations",
      "rating": 8.7
    },
    "github_pro": {
      "monthly_cost": 4,
      "annual_cost": 48,
      "annual_savings": 0,
      "usage_limits": "Unlimited private repositories, 3,000 GitHub Actions minutes",
      "overage_costs": "0.008 per additional GitHub Actions minute",
      "free_tier": "Unlimited public repositories, 2,000 GitHub Actions minutes",
      "best_for": "Version control and collaboration",
      "rating": 9.8
    },
    "netlify_pro": {
      "monthly_cost": 19,
      "annual_cost": 228,
      "annual_savings": 19,
      "usage_limits": "100GB bandwidth, 300 build minutes per month",
      "overage_costs": "0.10 per GB bandwidth, 0.01 per build minute",
      "free_tier": "100GB bandwidth, 300 build minutes per month",
      "best_for": "Static site deployment and hosting",
      "rating": 8.5
    }
  },
  "optimal_combinations_under_100": {
    "combination_1": {
      "name": "Research-Centric Powerhouse",
      "monthly_cost": 81,
      "annual_cost": 972,
      "tools": [
        "claude_api_opus4",
        "claude_code_api",
        "cursor_pro",
        "zapier_professional",
        "github_pro",
        "netlify_pro"
      ],
      "cost_breakdown": {
        "claude_api_opus4": 15,
        "claude_code_api": 3,
        "cursor_pro": 20,
        "zapier_professional": 20,
        "github_pro": 4,
        "netlify_pro": 19
      },
      "functionality_coverage": 95,
      "automation_level": 90,
      "roi_score": 9.5,
      "risk_score": 2,
      "primary_focus": "Research and development with maximum automation",
      "strengths": [
        "Best research capabilities with Claude API Opus 4",
        "Specialized code generation with Claude Code API",
        "Full IDE integration with Cursor Pro",
        "Comprehensive automation with Zapier",
        "Industry-standard version control with GitHub Pro",
        "Professional deployment with Netlify Pro"
      ],
      "limitations": [
        "No Windsurf Pro (redundant with Cursor Pro)",
        "Requires API management skills"
      ],
      "annual_savings_with_subscriptions": 59
    },
    "combination_2": {
      "name": "Development-Focused Optimizer",
      "monthly_cost": 83,
      "annual_cost": 996,
      "tools": [
        "claude_api_opus4",
        "windsurf_pro",
        "zapier_professional",
        "github_pro",
        "netlify_pro"
      ],
      "cost_breakdown": {
        "claude_api_opus4": 15,
        "windsurf_pro": 25,
        "zapier_professional": 20,
        "github_pro": 4,
        "netlify_pro": 19
      },
      "functionality_coverage": 92,
      "automation_level": 85,
      "roi_score": 9.0,
      "risk_score": 3,
      "primary_focus": "Advanced development with modern AI IDE",
      "strengths": [
        "Advanced AI-powered development with Windsurf Pro",
        "API-driven research and automation with Claude API",
        "Comprehensive workflow automation",
        "Professional version control and deployment"
      ],
      "limitations": [
        "No specialized code API",
        "Windsurf Pro has steeper learning curve",
        "Higher cost than combination 1"
      ],
      "annual_savings_with_subscriptions": 64
    },
    "combination_3": {
      "name": "Cost-Optimized Balanced",
      "monthly_cost": 83,
      "annual_cost": 996,
      "tools": [
        "claude_plus",
        "cursor_pro",
        "zapier_professional",
        "github_pro",
        "netlify_pro"
      ],
      "cost_breakdown": {
        "claude_plus": 20,
        "cursor_pro": 20,
        "zapier_professional": 20,
        "github_pro": 4,
        "netlify_pro": 19
      },
      "functionality_coverage": 88,
      "automation_level": 80,
      "roi_score": 8.5,
      "risk_score": 2,
      "primary_focus": "Balanced approach with user-friendly interface",
      "strengths": [
        "User-friendly Claude Plus interface",
        "Excellent IDE integration with Cursor Pro",
        "Comprehensive automation and deployment",
        "Lower technical barrier to entry"
      ],
      "limitations": [
        "No API access for automation",
        "Limited research automation capabilities",
        "Higher cost than combination 1"
      ],
      "annual_savings_with_subscriptions": 59
    },
    "combination_4": {
      "name": "Automation-First Maximizer",
      "monthly_cost": 81,
      "annual_cost": 972,
      "tools": [
        "claude_api_opus4",
        "claude_code_api",
        "zapier_professional",
        "github_pro",
        "netlify_pro"
      ],
      "cost_breakdown": {
        "claude_api_opus4": 15,
        "claude_code_api": 3,
        "zapier_professional": 20,
        "github_pro": 4,
        "netlify_pro": 19
      },
      "functionality_coverage": 90,
      "automation_level": 95,
      "roi_score": 9.2,
      "risk_score": 2,
      "primary_focus": "Maximum automation and API integration",
      "strengths": [
        "Maximum automation potential",
        "Full API integration capabilities",
        "Specialized tools for each function",
        "No IDE lock-in"
      ],
      "limitations": [
        "No integrated IDE experience",
        "Requires more technical setup",
        "Manual code editing required"
      ],
      "annual_savings_with_subscriptions": 59
    },
    "combination_5": {
      "name": "Budget-Conscious Starter",
      "monthly_cost": 63,
      "annual_cost": 756,
      "tools": [
        "claude_plus",
        "cursor_pro",
        "github_pro",
        "netlify_pro"
      ],
      "cost_breakdown": {
        "claude_plus": 20,
        "cursor_pro": 20,
        "github_pro": 4,
        "netlify_pro": 19
      },
      "functionality_coverage": 75,
      "automation_level": 60,
      "roi_score": 7.5,
      "risk_score": 2,
      "primary_focus": "Essential tools with significant cost savings",
      "strengths": [
        "Significant cost savings (37/month)",
        "Core development capabilities",
        "Professional deployment",
        "Easy to upgrade later"
      ],
      "limitations": [
        "Limited automation",
        "No specialized code API",
        "Manual workflow management",
        "Lower functionality coverage"
      ],
      "annual_savings_with_subscriptions": 39
    }
  },
  "recommendations": {
    "best_overall": "combination_1",
    "best_for_beginners": "combination_3",
    "best_for_automation": "combination_4",
    "best_for_budget": "combination_5",
    "best_for_development": "combination_2",
    "key_insights": [
      "GitHub Pro is essential and highly cost-effective at $4/month",
      "Claude API Opus 4 offers best value for money at $15/month",
      "Cursor Pro and Windsurf Pro are redundant - choose one",
      "Zapier Professional is critical for automation at $20/month",
      "Netlify Pro provides excellent deployment value at $19/month"
    ],
    "cost_optimization_tips": [
      "Use annual subscriptions to save $59-64 per year",
      "Monitor API usage to avoid overage costs",
      "Leverage free tiers for testing and development",
      "Consider student discounts for GitHub Pro",
      "Start with combination 5 and upgrade gradually"
    ]
  },
  "roi_analysis": {
    "monthly_productivity_gain": "20 hours",
    "hourly_rate_equivalent": 50,
    "monthly_value": 1000,
    "roi_timeline": "1.5 months",
    "annual_roi": "1400%",
    "cost_per_feature": "4.05",
    "annual_savings_potential": 354
  }
}